regime_name,credit_spread_mean,growth_pc1_mean,gs10_mean,inflation_pc1_mean,term_spread_10y_1y_mean,realized_vol_mean,bond_ann_return,gold_ann_return,oil_ann_return,spx_ann_return
High-Rate / Resilient Growth,1.3854000000000002,0.6511250229896081,10.0207,-0.1418118179780049,1.1950999999999998,0.04228202569605237,0.04961371102259,-0.0347440211708537,-0.0779699702891063,0.1148696059178766
Late-Cycle / Inflationary Flat Curve,0.8407083333333333,-0.071830096582451,5.725041666666667,0.2283604378680362,0.092875,0.04188445777294478,0.0620119784573771,0.111020652079504,0.189768465281763,0.0691938042194983
Low-Rate / Steep Curve,0.9527064220183488,0.2842765208791956,3.547568807339449,-0.0878457757766549,2.098807339449541,0.04020074146630976,0.0782681169689107,0.0618033099610895,0.1415329082733909,0.0902479988685771
Macro-Financial Stress,2.18945945945946,-3.47641877920487,8.731081081081083,-0.5957334030829137,1.1578378378378378,0.07680589880426456,0.2274653302220091,0.0167638712344426,-0.5257878393589057,0.0984180859997427
